cell,mouse,source,number_of_VSGs
A10_Mix_random_R1,invitro,mix,6
A10_Mix_random_R2,invitro,mix,2
A11_Mix_random_R1,invitro,mix,9
A11_Mix_random_R2,invitro,mix,2
A12_Mix_random_R1,invitro,mix,5
A12_Mix_random_R2,invitro,mix,5
A12_mouse1_fat,mouse1,fat,1
A13_Mix_random_R2,invitro,mix,2
A14_Lung_R2,mouse1,lung,1
A14_Mix_random_R1,invitro,mix,3
A14_Mix_random_R2,invitro,mix,4
A15_Lung_R2,mouse1,lung,3
A15_Mix_random_R2,invitro,mix,4
A16_Mix_random_R2,invitro,mix,3
A16_mouse2_blood,mouse2,blood,3
A16_mouse2_fat,mouse2,fat,2
A17_Mix_random_R1,invitro,mix,3
A17_Mix_random_R2,invitro,mix,5
A17_mouse1_fat,mouse1,fat,5
A17_mouse2_blood,mouse2,blood,4
A17_mouse2_heart,mouse2,heart,7
A18_mouse2_blood,mouse2,blood,6
A19_Lung_R2,mouse1,lung,3
A19_mouse2_heart,mouse2,heart,3
A1_Lung_R2,mouse1,lung,3
A1_mouse2_heart,mouse2,heart,2
A20_Lung_R2,mouse1,lung,3
A20_mouse2_blood,mouse2,blood,8
A20_mouse2_fat,mouse2,fat,6
A21_Lung_R2,mouse1,lung,3
A21_Mix_random_R1,invitro,mix,3
A21_Mix_random_R2,invitro,mix,2
A21_mouse1_heart,mouse1,heart,6
A21_mouse2_blood,mouse2,blood,4
A21_mouse2_fat,mouse2,fat,2
A21_mouse2_heart,mouse2,heart,3
A22_Mix_random_R1,invitro,mix,4
A22_Mix_random_R2,invitro,mix,6
A22_mouse1_fat,mouse1,fat,1
A22_mouse1_heart,mouse1,heart,1
A22_mouse2_fat,mouse2,fat,4
A23_Mix_random_R1,invitro,mix,5
A23_Mix_random_R2,invitro,mix,4
A23_mouse1_fat,mouse1,fat,4
A23_mouse1_heart,mouse1,heart,11
A23_mouse2_blood,mouse2,blood,4
A23_mouse2_heart,mouse2,heart,4
A24_Mix_random_R1,invitro,mix,6
A24_Mix_random_R2,invitro,mix,4
A24_mouse1_blood,mouse1,blood,2
A24_mouse1_heart,mouse1,heart,6
A24_mouse2_blood,mouse2,blood,7
A24_mouse2_heart,mouse2,heart,4
A24_mouse2_lung,mouse2,lung,1
A2_mouse1_blood,mouse1,blood,6
A2_mouse2_heart,mouse2,heart,5
A3_mouse1_blood,mouse1,blood,3
A3_mouse1_fat,mouse1,fat,6
A4_mouse1_fat,mouse1,fat,6
A4_mouse2_fat,mouse2,fat,5
A5_mouse1_blood,mouse1,blood,1
A6_Lung_R2,mouse1,lung,2
A6_mouse1_blood,mouse1,blood,3
A6_mouse1_fat,mouse1,fat,10
A6_mouse2_fat,mouse2,fat,5
A7_mouse2_fat,mouse2,fat,4
A8_mouse2_fat,mouse2,fat,1
A9_Mix_random_R1,invitro,mix,4
B10_Mix_random_R1,invitro,mix,5
B10_Mix_random_R2,invitro,mix,6
B10_mouse1_blood,mouse1,blood,6
B10_mouse1_fat,mouse1,fat,8
B10_mouse2_fat,mouse2,fat,6
B11_Lung_R2,mouse1,lung,3
B11_Mix_random_R1,invitro,mix,6
B11_Mix_random_R2,invitro,mix,3
B11_mouse1_fat,mouse1,fat,2
B11_mouse2_fat,mouse2,fat,3
B11_mouse2_heart,mouse2,heart,4
B12_Mix_random_R1,invitro,mix,10
B12_Mix_random_R2,invitro,mix,3
B12_mouse1_blood,mouse1,blood,8
B12_mouse1_fat,mouse1,fat,7
B12_mouse2_heart,mouse2,heart,4
B13_Mix_random_R1,invitro,mix,6
B13_Mix_random_R2,invitro,mix,6
B13_mouse1_fat,mouse1,fat,5
B14_Mix_random_R1,invitro,mix,2
B14_Mix_random_R2,invitro,mix,5
B14_mouse1_blood,mouse1,blood,4
B14_mouse1_fat,mouse1,fat,6
B14_mouse2_heart,mouse2,heart,1
B15_Lung_R2,mouse1,lung,3
B15_Mix_random_R1,invitro,mix,2
B15_Mix_random_R2,invitro,mix,2
B15_mouse1_blood,mouse1,blood,10
B15_mouse1_fat,mouse1,fat,3
B15_mouse2_fat,mouse2,fat,3
B15_mouse2_heart,mouse2,heart,6
B16_Mix_random_R1,invitro,mix,5
B16_Mix_random_R2,invitro,mix,3
B16_mouse1_fat,mouse1,fat,9
B16_mouse2_fat,mouse2,fat,7
B16_mouse2_heart,mouse2,heart,5
B17_Mix_random_R1,invitro,mix,5
B17_Mix_random_R2,invitro,mix,4
B17_mouse1_fat,mouse1,fat,4
B17_mouse2_fat,mouse2,fat,4
B17_mouse2_heart,mouse2,heart,5
B18_Mix_random_R1,invitro,mix,5
B18_mouse1_blood,mouse1,blood,5
B18_mouse1_fat,mouse1,fat,3
B18_mouse2_fat,mouse2,fat,4
B18_mouse2_heart,mouse2,heart,4
B19_Lung_R2,mouse1,lung,3
B19_mouse1_blood,mouse1,blood,2
B19_mouse1_fat,mouse1,fat,4
B19_mouse2_fat,mouse2,fat,6
B1_Mix_random_R1,invitro,mix,3
B1_mouse1_blood,mouse1,blood,2
B1_mouse1_fat,mouse1,fat,6
B20_Mix_random_R2,invitro,mix,2
B20_mouse2_fat,mouse2,fat,5
B21_Mix_random_R1,invitro,mix,9
B21_Mix_random_R2,invitro,mix,3
B21_mouse1_fat,mouse1,fat,4
B21_mouse2_fat,mouse2,fat,3
B21_mouse2_heart,mouse2,heart,2
B22_Mix_random_R1,invitro,mix,4
B22_Mix_random_R2,invitro,mix,6
B22_mouse1_blood,mouse1,blood,1
B22_mouse1_fat,mouse1,fat,3
B22_mouse1_heart,mouse1,heart,5
B22_mouse2_blood,mouse2,blood,2
B22_mouse2_heart,mouse2,heart,11
B23_Lung_R2,mouse1,lung,4
B23_Mix_random_R1,invitro,mix,5
B23_Mix_random_R2,invitro,mix,3
B23_mouse1_fat,mouse1,fat,10
B23_mouse1_heart,mouse1,heart,5
B24_Mix_random_R1,invitro,mix,7
B24_Mix_random_R2,invitro,mix,5
B24_mouse1_blood,mouse1,blood,3
B24_mouse1_heart,mouse1,heart,1
B24_mouse2_blood,mouse2,blood,6
B24_mouse2_heart,mouse2,heart,5
B2_Mix_random_R1,invitro,mix,5
B2_mouse1_blood,mouse1,blood,4
B2_mouse1_fat,mouse1,fat,2
B3_Mix_random_R1,invitro,mix,3
B3_mouse1_blood,mouse1,blood,1
B3_mouse1_fat,mouse1,fat,5
B3_mouse2_heart,mouse2,heart,6
B4_Mix_random_R1,invitro,mix,3
B4_mouse1_blood,mouse1,blood,5
B4_mouse1_fat,mouse1,fat,6
B4_mouse2_fat,mouse2,fat,2
B4_mouse2_heart,mouse2,heart,3
B5_Mix_random_R1,invitro,mix,8
B5_mouse1_blood,mouse1,blood,2
B5_mouse1_fat,mouse1,fat,5
B5_mouse2_fat,mouse2,fat,2
B6_Mix_random_R1,invitro,mix,4
B6_mouse1_fat,mouse1,fat,2
B6_mouse2_fat,mouse2,fat,7
B7_Mix_random_R1,invitro,mix,3
B7_mouse1_blood,mouse1,blood,4
B7_mouse1_fat,mouse1,fat,4
B7_mouse2_fat,mouse2,fat,5
B7_mouse2_heart,mouse2,heart,4
B8_Mix_random_R1,invitro,mix,4
B8_mouse1_blood,mouse1,blood,4
B8_mouse2_fat,mouse2,fat,6
B8_mouse2_heart,mouse2,heart,6
B9_Mix_random_R1,invitro,mix,4
B9_Mix_random_R2,invitro,mix,7
B9_mouse1_blood,mouse1,blood,3
B9_mouse1_fat,mouse1,fat,4
B9_mouse2_heart,mouse2,heart,7
C10_Mix_random_R1,invitro,mix,3
C10_Mix_random_R2,invitro,mix,4
C10_mouse1_fat,mouse1,fat,6
C10_mouse1_heart,mouse1,heart,8
C11_Mix_random_R2,invitro,mix,6
C11_mouse1_heart,mouse1,heart,2
C11_mouse2_heart,mouse2,heart,4
C12_Mix_random_R1,invitro,mix,3
C12_Mix_random_R2,invitro,mix,6
C12_mouse1_blood,mouse1,blood,7
C12_mouse1_fat,mouse1,fat,3
C12_mouse1_heart,mouse1,heart,4
C12_mouse2_fat,mouse2,fat,4
C13_Mix_random_R1,invitro,mix,3
C13_Mix_random_R2,invitro,mix,8
C13_mouse1_blood,mouse1,blood,5
C13_mouse1_fat,mouse1,fat,6
C13_mouse1_heart,mouse1,heart,8
C13_mouse2_blood,mouse2,blood,2
C13_mouse2_heart,mouse2,heart,4
C13_mouse2_lung,mouse2,lung,3
C14_Mix_random_R1,invitro,mix,2
C14_Mix_random_R2,invitro,mix,8
C14_mouse1_fat,mouse1,fat,8
C14_mouse1_heart,mouse1,heart,6
C14_mouse2_blood,mouse2,blood,3
C14_mouse2_lung,mouse2,lung,1
C15_Mix_random_R1,invitro,mix,2
C15_Mix_random_R2,invitro,mix,5
C15_mouse1_blood,mouse1,blood,5
C15_mouse1_fat,mouse1,fat,5
C15_mouse1_heart,mouse1,heart,4
C15_mouse2_blood,mouse2,blood,2
C15_mouse2_heart,mouse2,heart,2
C15_mouse2_lung,mouse2,lung,6
C16_Mix_random_R1,invitro,mix,2
C16_mouse1_blood,mouse1,blood,3
C16_mouse2_fat,mouse2,fat,3
C16_mouse2_lung,mouse2,lung,4
C17_Mix_random_R1,invitro,mix,7
C17_Mix_random_R2,invitro,mix,3
C17_mouse1_blood,mouse1,blood,6
C17_mouse1_fat,mouse1,fat,4
C17_mouse1_heart,mouse1,heart,4
C17_mouse2_fat,mouse2,fat,8
C17_mouse2_lung,mouse2,lung,1
C18_Mix_random_R1,invitro,mix,5
C18_mouse1_blood,mouse1,blood,7
C18_mouse1_heart,mouse1,heart,11
C18_mouse2_heart,mouse2,heart,5
C19_mouse1_blood,mouse1,blood,3
C19_mouse1_heart,mouse1,heart,5
C19_mouse2_blood,mouse2,blood,2
C19_mouse2_fat,mouse2,fat,7
C19_mouse2_heart,mouse2,heart,5
C19_mouse2_lung,mouse2,lung,4
C1_Mix_random_R2,invitro,mix,8
C1_mouse1_blood,mouse1,blood,4
C1_mouse1_fat,mouse1,fat,6
C1_mouse2_heart,mouse2,heart,4
C20_mouse1_fat,mouse1,fat,6
C20_mouse1_heart,mouse1,heart,6
C20_mouse2_fat,mouse2,fat,3
C20_mouse2_heart,mouse2,heart,8
C20_mouse2_lung,mouse2,lung,3
C21_Mix_random_R1,invitro,mix,8
C21_Mix_random_R2,invitro,mix,3
C21_mouse1_blood,mouse1,blood,1
C21_mouse1_fat,mouse1,fat,2
C21_mouse2_fat,mouse2,fat,4
C21_mouse2_heart,mouse2,heart,12
C21_mouse2_lung,mouse2,lung,6
C22_Mix_random_R2,invitro,mix,3
C22_mouse1_fat,mouse1,fat,6
C22_mouse1_heart,mouse1,heart,5
C22_mouse2_lung,mouse2,lung,2
C23_Mix_random_R1,invitro,mix,6
C23_Mix_random_R2,invitro,mix,3
C24_Mix_random_R1,invitro,mix,3
C24_mouse1_blood,mouse1,blood,2
C24_mouse1_heart,mouse1,heart,2
C2_Mix_random_R1,invitro,mix,6
C2_Mix_random_R2,invitro,mix,3
C2_mouse1_blood,mouse1,blood,5
C2_mouse1_heart,mouse1,heart,8
C2_mouse2_heart,mouse2,heart,5
C4_Mix_random_R2,invitro,mix,6
C4_mouse1_blood,mouse1,blood,5
C4_mouse1_fat,mouse1,fat,1
C4_mouse1_heart,mouse1,heart,9
C5_Mix_random_R1,invitro,mix,5
C5_Mix_random_R2,invitro,mix,5
C5_mouse1_blood,mouse1,blood,5
C5_mouse1_heart,mouse1,heart,5
C5_mouse2_fat,mouse2,fat,5
C6_Mix_random_R1,invitro,mix,4
C6_Mix_random_R2,invitro,mix,2
C6_mouse1_blood,mouse1,blood,4
C6_mouse1_fat,mouse1,fat,2
C6_mouse1_heart,mouse1,heart,8
C6_mouse2_heart,mouse2,heart,2
C7_Mix_random_R1,invitro,mix,4
C7_Mix_random_R2,invitro,mix,5
C7_mouse1_blood,mouse1,blood,6
C7_mouse1_fat,mouse1,fat,4
C7_mouse1_heart,mouse1,heart,6
C8_Mix_random_R1,invitro,mix,9
C8_Mix_random_R2,invitro,mix,7
C8_mouse1_fat,mouse1,fat,6
C8_mouse1_heart,mouse1,heart,9
C9_Mix_random_R1,invitro,mix,2
C9_Mix_random_R2,invitro,mix,3
C9_mouse1_blood,mouse1,blood,4
C9_mouse1_heart,mouse1,heart,7
C9_mouse2_heart,mouse2,heart,4
D10_Mix_random_R2,invitro,mix,5
D10_mouse1_blood,mouse1,blood,5
D10_mouse1_fat,mouse1,fat,3
D10_mouse1_heart,mouse1,heart,4
D11_Mix_random_R1,invitro,mix,4
D11_Mix_random_R2,invitro,mix,6
D11_mouse1_blood,mouse1,blood,2
D11_mouse1_fat,mouse1,fat,3
D11_mouse1_heart,mouse1,heart,4
D11_mouse2_fat,mouse2,fat,2
D11_mouse2_heart,mouse2,heart,2
D12_Mix_random_R1,invitro,mix,3
D12_Mix_random_R2,invitro,mix,6
D12_mouse1_blood,mouse1,blood,2
D12_mouse1_fat,mouse1,fat,5
D12_mouse1_heart,mouse1,heart,8
D13_Mix_random_R1,invitro,mix,4
D13_Mix_random_R2,invitro,mix,4
D13_mouse1_blood,mouse1,blood,2
D13_mouse2_heart,mouse2,heart,2
D13_mouse2_lung,mouse2,lung,4
D14_Mix_random_R1,invitro,mix,2
D14_Mix_random_R2,invitro,mix,4
D14_mouse1_blood,mouse1,blood,8
D14_mouse1_fat,mouse1,fat,9
D14_mouse2_lung,mouse2,lung,4
D15_Mix_random_R1,invitro,mix,3
D15_Mix_random_R2,invitro,mix,5
D15_mouse1_blood,mouse1,blood,9
D15_mouse1_fat,mouse1,fat,2
D15_mouse1_heart,mouse1,heart,3
D15_mouse2_heart,mouse2,heart,4
D15_mouse2_lung,mouse2,lung,6
D16_Mix_random_R2,invitro,mix,2
D16_mouse1_blood,mouse1,blood,2
D16_mouse1_fat,mouse1,fat,6
D16_mouse1_heart,mouse1,heart,3
D16_mouse2_fat,mouse2,fat,3
D17_Mix_random_R1,invitro,mix,2
D17_Mix_random_R2,invitro,mix,1
D17_mouse1_heart,mouse1,heart,6
D17_mouse2_fat,mouse2,fat,4
D17_mouse2_lung,mouse2,lung,2
D18_Mix_random_R1,invitro,mix,5
D18_mouse1_blood,mouse1,blood,4
D18_mouse1_heart,mouse1,heart,9
D18_mouse2_fat,mouse2,fat,5
D19_mouse1_blood,mouse1,blood,3
D19_mouse1_heart,mouse1,heart,3
D19_mouse2_blood,mouse2,blood,4
D19_mouse2_fat,mouse2,fat,2
D19_mouse2_heart,mouse2,heart,3
D1_Mix_random_R1,invitro,mix,2
D1_Mix_random_R2,invitro,mix,6
D1_mouse1_blood,mouse1,blood,4
D1_mouse1_fat,mouse1,fat,4
D1_mouse2_heart,mouse2,heart,2
D20_Mix_random_R1,invitro,mix,4
D20_Mix_random_R2,invitro,mix,5
D20_mouse1_heart,mouse1,heart,3
D20_mouse2_fat,mouse2,fat,4
D20_mouse2_heart,mouse2,heart,3
D20_mouse2_lung,mouse2,lung,1
D21_Mix_random_R1,invitro,mix,4
D21_Mix_random_R2,invitro,mix,4
D21_mouse1_fat,mouse1,fat,6
D21_mouse1_heart,mouse1,heart,8
D21_mouse2_blood,mouse2,blood,2
D21_mouse2_fat,mouse2,fat,5
D21_mouse2_heart,mouse2,heart,7
D21_mouse2_lung,mouse2,lung,3
D22_Mix_random_R1,invitro,mix,7
D22_Mix_random_R2,invitro,mix,4
D22_mouse1_blood,mouse1,blood,3
D22_mouse1_fat,mouse1,fat,4
D22_mouse1_heart,mouse1,heart,7
D22_mouse2_lung,mouse2,lung,4
D23_Mix_random_R1,invitro,mix,9
D23_mouse1_blood,mouse1,blood,3
D23_mouse1_fat,mouse1,fat,2
D23_mouse1_heart,mouse1,heart,8
D2_Mix_random_R1,invitro,mix,4
D2_Mix_random_R2,invitro,mix,8
D2_mouse1_blood,mouse1,blood,2
D2_mouse1_fat,mouse1,fat,2
D2_mouse1_heart,mouse1,heart,4
D2_mouse2_fat,mouse2,fat,2
D3_Mix_random_R1,invitro,mix,3
D3_Mix_random_R2,invitro,mix,4
D3_mouse1_blood,mouse1,blood,4
D3_mouse1_fat,mouse1,fat,3
D3_mouse1_heart,mouse1,heart,11
D4_Mix_random_R1,invitro,mix,8
D4_Mix_random_R2,invitro,mix,8
D4_mouse1_blood,mouse1,blood,7
D4_mouse1_fat,mouse1,fat,2
D4_mouse1_heart,mouse1,heart,10
D4_mouse2_fat,mouse2,fat,4
D5_Mix_random_R1,invitro,mix,5
D5_Mix_random_R2,invitro,mix,4
D5_mouse1_blood,mouse1,blood,4
D5_mouse1_fat,mouse1,fat,4
D5_mouse1_heart,mouse1,heart,6
D5_mouse2_fat,mouse2,fat,3
D6_Mix_random_R2,invitro,mix,5
D6_mouse1_blood,mouse1,blood,6
D6_mouse1_fat,mouse1,fat,9
D6_mouse1_heart,mouse1,heart,10
D7_Mix_random_R1,invitro,mix,2
D7_Mix_random_R2,invitro,mix,6
D7_mouse1_blood,mouse1,blood,5
D7_mouse1_fat,mouse1,fat,4
D7_mouse1_heart,mouse1,heart,11
D7_mouse2_heart,mouse2,heart,1
D8_Lung_R2,mouse1,lung,2
D8_Mix_random_R2,invitro,mix,4
D8_mouse1_blood,mouse1,blood,4
D8_mouse1_fat,mouse1,fat,3
D8_mouse1_heart,mouse1,heart,9
D8_mouse2_heart,mouse2,heart,2
D9_Mix_random_R1,invitro,mix,7
D9_mouse1_fat,mouse1,fat,7
D9_mouse1_heart,mouse1,heart,9
D9_mouse2_heart,mouse2,heart,3
E10_Lung_R2,mouse1,lung,3
E10_Mix_random_R2,invitro,mix,2
E10_mouse1_blood,mouse1,blood,3
E10_mouse1_fat,mouse1,fat,5
E10_mouse2_heart,mouse2,heart,3
E12_Lung_R2,mouse1,lung,3
E12_Mix_random_R1,invitro,mix,5
E12_Mix_random_R2,invitro,mix,6
E12_mouse1_blood,mouse1,blood,6
E13_Lung_R2,mouse1,lung,2
E13_Mix_random_R1,invitro,mix,3
E13_Mix_random_R2,invitro,mix,6
E13_mouse1_blood,mouse1,blood,4
E13_mouse1_fat,mouse1,fat,7
E14_Lung_R2,mouse1,lung,3
E14_Mix_random_R2,invitro,mix,2
E14_mouse1_blood,mouse1,blood,3
E14_mouse1_fat,mouse1,fat,5
E14_mouse2_heart,mouse2,heart,3
E15_Lung_R2,mouse1,lung,2
E15_Mix_random_R2,invitro,mix,4
E15_mouse1_blood,mouse1,blood,3
E15_mouse1_fat,mouse1,fat,9
E16_Lung_R2,mouse1,lung,1
E16_Mix_random_R1,invitro,mix,2
E16_mouse1_blood,mouse1,blood,6
E16_mouse1_fat,mouse1,fat,3
E16_mouse1_heart,mouse1,heart,1
E17_Lung_R2,mouse1,lung,4
E17_Mix_random_R2,invitro,mix,3
E17_mouse1_blood,mouse1,blood,4
E17_mouse1_fat,mouse1,fat,7
E17_mouse2_fat,mouse2,fat,4
E17_mouse2_heart,mouse2,heart,2
E18_Lung_R2,mouse1,lung,1
E18_Mix_random_R1,invitro,mix,2
E18_mouse1_blood,mouse1,blood,4
E18_mouse1_fat,mouse1,fat,1
E18_mouse1_heart,mouse1,heart,5
E18_mouse2_blood,mouse2,blood,1
E18_mouse2_fat,mouse2,fat,3
E18_mouse2_heart,mouse2,heart,3
E19_Lung_R2,mouse1,lung,4
E19_Mix_random_R1,invitro,mix,3
E19_Mix_random_R2,invitro,mix,4
E19_mouse1_blood,mouse1,blood,1
E19_mouse2_fat,mouse2,fat,1
E19_mouse2_heart,mouse2,heart,6
E1_Mix_random_R2,invitro,mix,2
E1_mouse1_blood,mouse1,blood,2
E1_mouse1_fat,mouse1,fat,4
E20_Lung_R2,mouse1,lung,4
E20_Mix_random_R2,invitro,mix,6
E20_mouse1_blood,mouse1,blood,1
E20_mouse2_heart,mouse2,heart,2
E21_Lung_R2,mouse1,lung,5
E21_Mix_random_R1,invitro,mix,3
E21_Mix_random_R2,invitro,mix,8
E21_mouse1_blood,mouse1,blood,2
E21_mouse1_heart,mouse1,heart,4
E21_mouse2_blood,mouse2,blood,9
E21_mouse2_heart,mouse2,heart,2
E22_Mix_random_R1,invitro,mix,7
E22_Mix_random_R2,invitro,mix,3
E22_mouse1_blood,mouse1,blood,3
E22_mouse1_heart,mouse1,heart,4
E22_mouse2_blood,mouse2,blood,4
E23_Lung_R2,mouse1,lung,5
E23_Mix_random_R1,invitro,mix,7
E23_mouse1_blood,mouse1,blood,8
E23_mouse1_fat,mouse1,fat,1
E23_mouse1_heart,mouse1,heart,5
E23_mouse2_heart,mouse2,heart,3
E24_Lung_R2,mouse1,lung,2
E24_Mix_random_R1,invitro,mix,4
E24_Mix_random_R2,invitro,mix,1
E24_mouse1_blood,mouse1,blood,3
E24_mouse1_fat,mouse1,fat,3
E24_mouse1_heart,mouse1,heart,4
E24_mouse2_heart,mouse2,heart,2
E2_Mix_random_R2,invitro,mix,5
E2_mouse1_blood,mouse1,blood,4
E2_mouse2_heart,mouse2,heart,4
E3_mouse1_blood,mouse1,blood,7
E3_mouse1_fat,mouse1,fat,4
E4_Mix_random_R1,invitro,mix,1
E4_Mix_random_R2,invitro,mix,9
E4_mouse1_blood,mouse1,blood,7
E4_mouse1_fat,mouse1,fat,2
E5_Mix_random_R2,invitro,mix,2
E5_mouse1_blood,mouse1,blood,8
E5_mouse2_fat,mouse2,fat,4
E5_mouse2_heart,mouse2,heart,5
E6_Mix_random_R2,invitro,mix,1
E6_mouse2_fat,mouse2,fat,6
E6_mouse2_heart,mouse2,heart,1
E7_Mix_random_R2,invitro,mix,3
E7_mouse1_fat,mouse1,fat,5
E7_mouse2_fat,mouse2,fat,4
E8_Mix_random_R2,invitro,mix,1
E8_mouse1_blood,mouse1,blood,4
E8_mouse1_fat,mouse1,fat,1
E9_Mix_random_R2,invitro,mix,2
E9_mouse2_heart,mouse2,heart,5
F10_Lung_R2,mouse1,lung,4
F10_mouse1_blood,mouse1,blood,8
F10_mouse1_fat,mouse1,fat,5
F11_Mix_random_R1,invitro,mix,1
F11_Mix_random_R2,invitro,mix,4
F11_mouse1_blood,mouse1,blood,3
F11_mouse1_fat,mouse1,fat,7
F11_mouse2_heart,mouse2,heart,4
F12_Lung_R2,mouse1,lung,5
F12_Mix_random_R2,invitro,mix,6
F12_mouse1_blood,mouse1,blood,6
F12_mouse1_fat,mouse1,fat,7
F12_mouse2_lung,mouse2,lung,1
F13_Mix_random_R2,invitro,mix,4
F13_mouse1_blood,mouse1,blood,3
F13_mouse2_heart,mouse2,heart,3
F14_Lung_R2,mouse1,lung,4
F14_Mix_random_R2,invitro,mix,4
F14_mouse1_blood,mouse1,blood,5
F14_mouse1_fat,mouse1,fat,2
F14_mouse2_heart,mouse2,heart,3
F15_Lung_R2,mouse1,lung,4
F15_Mix_random_R2,invitro,mix,4
F15_mouse1_blood,mouse1,blood,3
F15_mouse2_fat,mouse2,fat,2
F15_mouse2_heart,mouse2,heart,4
F16_Mix_random_R1,invitro,mix,1
F16_Mix_random_R2,invitro,mix,4
F16_mouse1_blood,mouse1,blood,5
F16_mouse1_heart,mouse1,heart,1
F17_Lung_R2,mouse1,lung,4
F17_mouse1_blood,mouse1,blood,6
F17_mouse1_fat,mouse1,fat,1
F17_mouse1_heart,mouse1,heart,1
F18_Mix_random_R1,invitro,mix,1
F18_mouse1_blood,mouse1,blood,3
F18_mouse1_fat,mouse1,fat,6
F18_mouse1_heart,mouse1,heart,6
F18_mouse2_blood,mouse2,blood,2
F18_mouse2_fat,mouse2,fat,5
F18_mouse2_heart,mouse2,heart,3
F19_Lung_R2,mouse1,lung,4
F19_Mix_random_R1,invitro,mix,6
F19_mouse1_blood,mouse1,blood,4
F19_mouse1_fat,mouse1,fat,4
F19_mouse2_heart,mouse2,heart,3
F1_Mix_random_R1,invitro,mix,3
F1_Mix_random_R2,invitro,mix,6
F1_mouse1_blood,mouse1,blood,3
F1_mouse2_heart,mouse2,heart,2
F20_Lung_R2,mouse1,lung,4
F20_Mix_random_R1,invitro,mix,7
F20_Mix_random_R2,invitro,mix,6
F20_mouse1_blood,mouse1,blood,3
F20_mouse1_heart,mouse1,heart,7
F21_Lung_R2,mouse1,lung,5
F21_Mix_random_R1,invitro,mix,8
F21_mouse1_blood,mouse1,blood,2
F21_mouse1_fat,mouse1,fat,1
F21_mouse1_heart,mouse1,heart,2
F21_mouse2_blood,mouse2,blood,3
F21_mouse2_heart,mouse2,heart,3
F23_Lung_R2,mouse1,lung,4
F23_Mix_random_R1,invitro,mix,3
F23_Mix_random_R2,invitro,mix,2
F23_mouse1_blood,mouse1,blood,2
F23_mouse1_heart,mouse1,heart,8
F23_mouse2_blood,mouse2,blood,4
F24_Lung_R2,mouse1,lung,4
F24_Mix_random_R1,invitro,mix,2
F24_Mix_random_R2,invitro,mix,2
F24_mouse1_blood,mouse1,blood,6
F24_mouse1_fat,mouse1,fat,2
F24_mouse1_heart,mouse1,heart,5
F24_mouse2_heart,mouse2,heart,4
F2_Mix_random_R2,invitro,mix,4
F2_mouse1_blood,mouse1,blood,6
F2_mouse2_heart,mouse2,heart,2
F3_Mix_random_R1,invitro,mix,1
F3_mouse1_blood,mouse1,blood,6
F3_mouse1_heart,mouse1,heart,5
F3_mouse2_heart,mouse2,heart,10
F4_mouse1_blood,mouse1,blood,4
F4_mouse1_heart,mouse1,heart,4
F5_Mix_random_R2,invitro,mix,4
F5_mouse1_blood,mouse1,blood,4
F5_mouse2_fat,mouse2,fat,4
F6_mouse1_blood,mouse1,blood,2
F6_mouse2_fat,mouse2,fat,3
F7_Mix_random_R1,invitro,mix,2
F7_Mix_random_R2,invitro,mix,3
F7_mouse1_blood,mouse1,blood,2
F7_mouse1_fat,mouse1,fat,2
F7_mouse2_fat,mouse2,fat,5
F8_Mix_random_R1,invitro,mix,1
F8_Mix_random_R2,invitro,mix,3
F8_mouse1_fat,mouse1,fat,1
F8_mouse2_fat,mouse2,fat,2
F9_Mix_random_R1,invitro,mix,1
F9_Mix_random_R2,invitro,mix,2
F9_mouse1_blood,mouse1,blood,4
F9_mouse1_fat,mouse1,fat,2
F9_mouse2_fat,mouse2,fat,4
G10_Lung_R2,mouse1,lung,3
G10_Mix_random_R2,invitro,mix,5
G10_mouse1_blood,mouse1,blood,9
G10_mouse1_fat,mouse1,fat,2
G10_mouse1_heart,mouse1,heart,11
G10_mouse2_lung,mouse2,lung,2
G11_Lung_R2,mouse1,lung,3
G11_Mix_random_R2,invitro,mix,4
G11_mouse1_blood,mouse1,blood,4
G11_mouse1_fat,mouse1,fat,1
G11_mouse1_heart,mouse1,heart,5
G11_mouse2_fat,mouse2,fat,4
G11_mouse2_heart,mouse2,heart,4
G12_Lung_R2,mouse1,lung,2
G12_Mix_random_R2,invitro,mix,8
G12_mouse1_blood,mouse1,blood,5
G12_mouse1_fat,mouse1,fat,5
G12_mouse1_heart,mouse1,heart,5
G12_mouse2_lung,mouse2,lung,4
G13_Mix_random_R2,invitro,mix,7
G13_mouse1_blood,mouse1,blood,2
G13_mouse1_fat,mouse1,fat,8
G13_mouse1_heart,mouse1,heart,6
G13_mouse2_heart,mouse2,heart,2
G14_Lung_R2,mouse1,lung,3
G14_Mix_random_R2,invitro,mix,5
G14_mouse1_heart,mouse1,heart,1
G15_mouse1_blood,mouse1,blood,3
G15_mouse1_fat,mouse1,fat,3
G15_mouse1_heart,mouse1,heart,1
G16_Lung_R2,mouse1,lung,2
G16_Mix_random_R2,invitro,mix,4
G16_mouse1_blood,mouse1,blood,3
G16_mouse1_fat,mouse1,fat,3
G16_mouse1_heart,mouse1,heart,3
G17_Mix_random_R1,invitro,mix,4
G17_Mix_random_R2,invitro,mix,4
G17_mouse1_blood,mouse1,blood,7
G17_mouse1_heart,mouse1,heart,5
G17_mouse2_blood,mouse2,blood,1
G17_mouse2_fat,mouse2,fat,5
G17_mouse2_heart,mouse2,heart,1
G18_Mix_random_R2,invitro,mix,4
G18_mouse1_heart,mouse1,heart,6
G18_mouse2_fat,mouse2,fat,3
G19_Lung_R2,mouse1,lung,3
G19_Mix_random_R2,invitro,mix,4
G19_mouse1_blood,mouse1,blood,7
G19_mouse1_heart,mouse1,heart,10
G19_mouse2_fat,mouse2,fat,4
G19_mouse2_heart,mouse2,heart,3
G1_Mix_random_R1,invitro,mix,4
G1_mouse1_blood,mouse1,blood,4
G1_mouse2_heart,mouse2,heart,4
G20_Lung_R2,mouse1,lung,2
G20_Mix_random_R2,invitro,mix,5
G20_mouse1_blood,mouse1,blood,3
G20_mouse1_heart,mouse1,heart,2
G20_mouse2_fat,mouse2,fat,8
G21_Lung_R2,mouse1,lung,3
G21_Mix_random_R1,invitro,mix,6
G21_Mix_random_R2,invitro,mix,8
G21_mouse1_fat,mouse1,fat,9
G21_mouse1_heart,mouse1,heart,4
G21_mouse2_blood,mouse2,blood,3
G21_mouse2_heart,mouse2,heart,2
G21_mouse2_lung,mouse2,lung,1
G22_Lung_R2,mouse1,lung,3
G22_Mix_random_R1,invitro,mix,3
G22_Mix_random_R2,invitro,mix,5
G22_mouse1_blood,mouse1,blood,4
G22_mouse1_fat,mouse1,fat,2
G22_mouse2_blood,mouse2,blood,4
G22_mouse2_lung,mouse2,lung,2
G23_Lung_R2,mouse1,lung,2
G23_Mix_random_R1,invitro,mix,7
G23_Mix_random_R2,invitro,mix,6
G23_mouse1_blood,mouse1,blood,2
G23_mouse1_heart,mouse1,heart,2
G23_mouse2_blood,mouse2,blood,4
G24_Mix_random_R1,invitro,mix,2
G24_mouse1_heart,mouse1,heart,3
G3_Lung_R2,mouse1,lung,3
G3_Mix_random_R1,invitro,mix,1
G3_Mix_random_R2,invitro,mix,7
G3_mouse1_blood,mouse1,blood,8
G3_mouse1_heart,mouse1,heart,4
G3_mouse2_heart,mouse2,heart,3
G4_Mix_random_R2,invitro,mix,6
G4_mouse1_blood,mouse1,blood,9
G4_mouse1_heart,mouse1,heart,2
G4_mouse2_fat,mouse2,fat,2
G4_mouse2_heart,mouse2,heart,5
G5_Mix_random_R1,invitro,mix,2
G5_Mix_random_R2,invitro,mix,7
G5_mouse1_blood,mouse1,blood,6
G5_mouse1_heart,mouse1,heart,7
G5_mouse2_fat,mouse2,fat,4
G5_mouse2_heart,mouse2,heart,3
G6_Mix_random_R1,invitro,mix,4
G6_Mix_random_R2,invitro,mix,5
G6_mouse1_blood,mouse1,blood,4
G6_mouse1_heart,mouse1,heart,5
G6_mouse2_fat,mouse2,fat,5
G6_mouse2_lung,mouse2,lung,6
G7_Mix_random_R2,invitro,mix,3
G7_mouse1_blood,mouse1,blood,3
G7_mouse1_heart,mouse1,heart,7
G8_Mix_random_R2,invitro,mix,6
G8_mouse1_heart,mouse1,heart,6
G8_mouse2_blood,mouse2,blood,2
G8_mouse2_fat,mouse2,fat,6
G9_Mix_random_R2,invitro,mix,6
G9_mouse1_fat,mouse1,fat,5
G9_mouse1_heart,mouse1,heart,4
G9_mouse2_fat,mouse2,fat,3
G9_mouse2_heart,mouse2,heart,3
H11_Lung_R2,mouse1,lung,4
H11_Mix_random_R2,invitro,mix,4
H11_mouse1_fat,mouse1,fat,2
H11_mouse1_heart,mouse1,heart,4
H11_mouse2_heart,mouse2,heart,1
H12_mouse1_blood,mouse1,blood,5
H12_mouse1_fat,mouse1,fat,5
H12_mouse1_heart,mouse1,heart,4
H12_mouse2_heart,mouse2,heart,4
H12_mouse2_lung,mouse2,lung,3
H13_Mix_random_R2,invitro,mix,5
H13_mouse1_blood,mouse1,blood,2
H13_mouse1_fat,mouse1,fat,11
H13_mouse2_heart,mouse2,heart,2
H14_Lung_R2,mouse1,lung,2
H14_Mix_random_R2,invitro,mix,3
H14_mouse1_blood,mouse1,blood,4
H14_mouse1_fat,mouse1,fat,4
H14_mouse2_heart,mouse2,heart,1
H15_Mix_random_R2,invitro,mix,7
H15_mouse1_blood,mouse1,blood,1
H15_mouse1_fat,mouse1,fat,7
H15_mouse2_lung,mouse2,lung,6
H16_Mix_random_R2,invitro,mix,4
H16_mouse1_fat,mouse1,fat,5
H16_mouse2_heart,mouse2,heart,6
H17_Mix_random_R1,invitro,mix,3
H17_Mix_random_R2,invitro,mix,4
H17_mouse1_heart,mouse1,heart,5
H17_mouse2_fat,mouse2,fat,3
H17_mouse2_heart,mouse2,heart,2
H18_Mix_random_R1,invitro,mix,2
H18_Mix_random_R2,invitro,mix,4
H18_mouse1_blood,mouse1,blood,3
H18_mouse1_fat,mouse1,fat,1
H18_mouse1_heart,mouse1,heart,3
H18_mouse2_blood,mouse2,blood,3
H19_Lung_R2,mouse1,lung,3
H19_Mix_random_R1,invitro,mix,1
H19_Mix_random_R2,invitro,mix,4
H19_mouse1_blood,mouse1,blood,2
H19_mouse1_heart,mouse1,heart,1
H19_mouse2_blood,mouse2,blood,5
H19_mouse2_heart,mouse2,heart,2
H19_mouse2_lung,mouse2,lung,2
H1_Mix_random_R1,invitro,mix,1
H1_Mix_random_R2,invitro,mix,6
H1_mouse1_blood,mouse1,blood,2
H1_mouse1_fat,mouse1,fat,2
H1_mouse2_heart,mouse2,heart,5
H1_mouse2_lung,mouse2,lung,4
H20_Lung_R2,mouse1,lung,3
H20_Mix_random_R1,invitro,mix,7
H20_Mix_random_R2,invitro,mix,7
H20_mouse1_blood,mouse1,blood,4
H20_mouse1_fat,mouse1,fat,2
H20_mouse2_blood,mouse2,blood,3
H21_Lung_R2,mouse1,lung,2
H21_Mix_random_R1,invitro,mix,8
H21_Mix_random_R2,invitro,mix,4
H21_mouse1_blood,mouse1,blood,2
H21_mouse1_fat,mouse1,fat,5
H21_mouse2_blood,mouse2,blood,3
H22_Lung_R2,mouse1,lung,3
H22_Mix_random_R1,invitro,mix,9
H22_Mix_random_R2,invitro,mix,3
H22_mouse1_heart,mouse1,heart,2
H22_mouse2_blood,mouse2,blood,3
H22_mouse2_heart,mouse2,heart,4
H22_mouse2_lung,mouse2,lung,1
H23_Mix_random_R2,invitro,mix,3
H23_mouse1_blood,mouse1,blood,1
H23_mouse1_fat,mouse1,fat,1
H23_mouse2_heart,mouse2,heart,2
H24_mouse1_blood,mouse1,blood,4
H2_Mix_random_R1,invitro,mix,5
H2_Mix_random_R2,invitro,mix,5
H2_mouse1_blood,mouse1,blood,4
H2_mouse1_fat,mouse1,fat,2
H3_Mix_random_R1,invitro,mix,4
H3_Mix_random_R2,invitro,mix,3
H3_mouse1_blood,mouse1,blood,10
H3_mouse1_fat,mouse1,fat,1
H3_mouse1_heart,mouse1,heart,6
H4_Mix_random_R2,invitro,mix,3
H4_mouse1_blood,mouse1,blood,3
H4_mouse1_heart,mouse1,heart,5
H4_mouse2_fat,mouse2,fat,3
H5_Lung_R2,mouse1,lung,5
H5_Mix_random_R1,invitro,mix,2
H5_Mix_random_R2,invitro,mix,6
H5_mouse1_fat,mouse1,fat,2
H5_mouse1_heart,mouse1,heart,2
H5_mouse2_fat,mouse2,fat,1
H6_Mix_random_R2,invitro,mix,2
H6_mouse1_blood,mouse1,blood,4
H6_mouse2_blood,mouse2,blood,5
H6_mouse2_fat,mouse2,fat,3
H6_mouse2_lung,mouse2,lung,2
H7_Mix_random_R2,invitro,mix,3
H7_mouse1_fat,mouse1,fat,4
H7_mouse1_heart,mouse1,heart,3
H8_Mix_random_R2,invitro,mix,3
H8_mouse1_blood,mouse1,blood,3
H8_mouse1_heart,mouse1,heart,14
H9_Lung_R2,mouse1,lung,2
H9_Mix_random_R2,invitro,mix,7
H9_mouse1_blood,mouse1,blood,6
H9_mouse1_fat,mouse1,fat,6
H9_mouse1_heart,mouse1,heart,6
H9_mouse2_fat,mouse2,fat,2
H9_mouse2_heart,mouse2,heart,8
I10_Lung_R2,mouse1,lung,4
I10_Mix_random_R2,invitro,mix,6
I10_mouse1_fat,mouse1,fat,9
I10_mouse2_heart,mouse2,heart,3
I11_Lung_R2,mouse1,lung,4
I11_Mix_random_R2,invitro,mix,8
I11_mouse1_fat,mouse1,fat,5
I11_mouse2_heart,mouse2,heart,5
I12_Mix_random_R2,invitro,mix,4
I12_mouse1_fat,mouse1,fat,6
I12_mouse2_heart,mouse2,heart,5
I13_Mix_random_R2,invitro,mix,6
I13_mouse1_blood,mouse1,blood,6
I13_mouse1_fat,mouse1,fat,8
I13_mouse2_heart,mouse2,heart,5
I14_Lung_R2,mouse1,lung,3
I14_Mix_random_R2,invitro,mix,3
I14_mouse1_blood,mouse1,blood,6
I14_mouse1_fat,mouse1,fat,7
I14_mouse2_blood,mouse2,blood,2
I14_mouse2_heart,mouse2,heart,3
I15_Lung_R2,mouse1,lung,1
I15_Mix_random_R2,invitro,mix,4
I15_mouse1_blood,mouse1,blood,3
I15_mouse1_fat,mouse1,fat,5
I15_mouse2_blood,mouse2,blood,1
I15_mouse2_heart,mouse2,heart,8
I15_mouse2_lung,mouse2,lung,2
I16_Mix_random_R2,invitro,mix,1
I16_mouse1_blood,mouse1,blood,4
I16_mouse2_blood,mouse2,blood,2
I16_mouse2_fat,mouse2,fat,2
I16_mouse2_heart,mouse2,heart,2
I17_Lung_R2,mouse1,lung,2
I17_mouse2_blood,mouse2,blood,4
I17_mouse2_fat,mouse2,fat,2
I17_mouse2_lung,mouse2,lung,4
I18_Lung_R2,mouse1,lung,2
I18_Mix_random_R1,invitro,mix,1
I18_Mix_random_R2,invitro,mix,5
I18_mouse2_blood,mouse2,blood,4
I18_mouse2_fat,mouse2,fat,4
I19_Lung_R2,mouse1,lung,3
I19_Mix_random_R2,invitro,mix,3
I19_mouse1_blood,mouse1,blood,3
I19_mouse2_fat,mouse2,fat,7
I19_mouse2_lung,mouse2,lung,7
I1_Mix_random_R1,invitro,mix,1
I1_Mix_random_R2,invitro,mix,6
I1_mouse1_blood,mouse1,blood,3
I1_mouse1_fat,mouse1,fat,7
I1_mouse2_heart,mouse2,heart,5
I20_Lung_R2,mouse1,lung,3
I20_Mix_random_R2,invitro,mix,5
I20_mouse1_blood,mouse1,blood,4
I20_mouse1_heart,mouse1,heart,2
I20_mouse2_blood,mouse2,blood,7
I20_mouse2_fat,mouse2,fat,5
I21_Mix_random_R1,invitro,mix,3
I21_Mix_random_R2,invitro,mix,7
I21_mouse1_heart,mouse1,heart,3
I21_mouse2_blood,mouse2,blood,5
I21_mouse2_fat,mouse2,fat,7
I21_mouse2_lung,mouse2,lung,3
I22_Mix_random_R1,invitro,mix,4
I22_Mix_random_R2,invitro,mix,3
I22_mouse1_blood,mouse1,blood,1
I22_mouse1_heart,mouse1,heart,5
I22_mouse2_lung,mouse2,lung,3
I23_Mix_random_R1,invitro,mix,2
I23_mouse1_blood,mouse1,blood,3
I23_mouse1_heart,mouse1,heart,2
I23_mouse2_blood,mouse2,blood,3
I23_mouse2_heart,mouse2,heart,2
I23_mouse2_lung,mouse2,lung,8
I24_Mix_random_R1,invitro,mix,4
I24_mouse1_blood,mouse1,blood,1
I24_mouse1_fat,mouse1,fat,2
I24_mouse2_blood,mouse2,blood,6
I24_mouse2_lung,mouse2,lung,3
I2_Mix_random_R1,invitro,mix,5
I2_Mix_random_R2,invitro,mix,5
I2_mouse1_blood,mouse1,blood,8
I2_mouse2_heart,mouse2,heart,2
I3_Mix_random_R1,invitro,mix,3
I3_Mix_random_R2,invitro,mix,5
I3_mouse1_blood,mouse1,blood,3
I3_mouse2_blood,mouse2,blood,1
I3_mouse2_heart,mouse2,heart,2
I4_Lung_R2,mouse1,lung,3
I4_Mix_random_R1,invitro,mix,2
I4_mouse1_fat,mouse1,fat,3
I4_mouse2_fat,mouse2,fat,8
I5_Mix_random_R1,invitro,mix,4
I5_Mix_random_R2,invitro,mix,5
I5_mouse1_fat,mouse1,fat,1
I5_mouse2_fat,mouse2,fat,4
I6_Lung_R2,mouse1,lung,2
I6_Mix_random_R1,invitro,mix,1
I6_Mix_random_R2,invitro,mix,6
I6_mouse1_fat,mouse1,fat,5
I6_mouse2_blood,mouse2,blood,3
I6_mouse2_fat,mouse2,fat,3
I7_Mix_random_R1,invitro,mix,5
I7_Mix_random_R2,invitro,mix,4
I7_mouse1_blood,mouse1,blood,2
I7_mouse1_fat,mouse1,fat,7
I7_mouse2_heart,mouse2,heart,2
I8_Lung_R2,mouse1,lung,2
I8_Mix_random_R1,invitro,mix,3
I8_Mix_random_R2,invitro,mix,8
I8_mouse2_fat,mouse2,fat,2
I8_mouse2_heart,mouse2,heart,2
I9_Lung_R2,mouse1,lung,4
I9_Mix_random_R1,invitro,mix,4
I9_Mix_random_R2,invitro,mix,6
I9_mouse1_fat,mouse1,fat,5
I9_mouse2_fat,mouse2,fat,8
J10_Mix_random_R2,invitro,mix,2
J10_mouse1_fat,mouse1,fat,7
J10_mouse2_heart,mouse2,heart,4
J11_Lung_R2,mouse1,lung,5
J11_Mix_random_R2,invitro,mix,4
J11_mouse1_fat,mouse1,fat,5
J12_Lung_R2,mouse1,lung,2
J12_Mix_random_R2,invitro,mix,9
J12_mouse1_blood,mouse1,blood,1
J13_Lung_R2,mouse1,lung,4
J13_Mix_random_R2,invitro,mix,4
J13_mouse1_blood,mouse1,blood,2
J13_mouse1_fat,mouse1,fat,5
J13_mouse1_heart,mouse1,heart,3
J13_mouse2_heart,mouse2,heart,10
J13_mouse2_lung,mouse2,lung,6
J15_Mix_random_R2,invitro,mix,2
J15_mouse1_blood,mouse1,blood,5
J15_mouse1_fat,mouse1,fat,4
J15_mouse2_heart,mouse2,heart,6
J16_Mix_random_R2,invitro,mix,7
J16_mouse1_blood,mouse1,blood,4
J16_mouse1_fat,mouse1,fat,2
J16_mouse2_fat,mouse2,fat,3
J16_mouse2_heart,mouse2,heart,5
J17_mouse2_fat,mouse2,fat,3
J17_mouse2_lung,mouse2,lung,1
J18_Mix_random_R2,invitro,mix,3
J18_mouse2_blood,mouse2,blood,1
J18_mouse2_fat,mouse2,fat,5
J18_mouse2_lung,mouse2,lung,5
J19_Lung_R2,mouse1,lung,4
J19_Mix_random_R1,invitro,mix,2
J19_mouse1_blood,mouse1,blood,7
J19_mouse2_fat,mouse2,fat,1
J19_mouse2_heart,mouse2,heart,6
J19_mouse2_lung,mouse2,lung,6
J1_Mix_random_R2,invitro,mix,6
J1_mouse1_fat,mouse1,fat,1
J20_mouse1_heart,mouse1,heart,4
J20_mouse2_blood,mouse2,blood,3
J20_mouse2_fat,mouse2,fat,4
J20_mouse2_lung,mouse2,lung,2
J21_Mix_random_R1,invitro,mix,3
J21_Mix_random_R2,invitro,mix,4
J21_mouse1_blood,mouse1,blood,4
J21_mouse1_fat,mouse1,fat,2
J21_mouse1_heart,mouse1,heart,1
J22_Mix_random_R1,invitro,mix,3
J22_mouse1_heart,mouse1,heart,1
J22_mouse2_heart,mouse2,heart,5
J23_Mix_random_R1,invitro,mix,2
J23_mouse1_blood,mouse1,blood,1
J23_mouse1_fat,mouse1,fat,4
J23_mouse1_heart,mouse1,heart,1
J23_mouse2_blood,mouse2,blood,4
J23_mouse2_heart,mouse2,heart,4
J23_mouse2_lung,mouse2,lung,3
J24_Mix_random_R1,invitro,mix,2
J24_mouse2_blood,mouse2,blood,2
J24_mouse2_heart,mouse2,heart,5
J24_mouse2_lung,mouse2,lung,1
J2_Mix_random_R1,invitro,mix,2
J2_Mix_random_R2,invitro,mix,8
J2_mouse1_blood,mouse1,blood,4
J2_mouse2_heart,mouse2,heart,3
J3_Mix_random_R1,invitro,mix,2
J3_Mix_random_R2,invitro,mix,7
J3_mouse1_blood,mouse1,blood,6
J3_mouse1_fat,mouse1,fat,1
J3_mouse2_fat,mouse2,fat,3
J3_mouse2_heart,mouse2,heart,8
J4_Lung_R2,mouse1,lung,2
J4_Mix_random_R1,invitro,mix,6
J4_Mix_random_R2,invitro,mix,6
J4_mouse1_blood,mouse1,blood,5
J4_mouse2_fat,mouse2,fat,3
J4_mouse2_heart,mouse2,heart,4
J5_Lung_R2,mouse1,lung,4
J5_Mix_random_R1,invitro,mix,3
J5_mouse1_fat,mouse1,fat,3
J5_mouse2_fat,mouse2,fat,6
J6_Lung_R2,mouse1,lung,3
J6_Mix_random_R2,invitro,mix,5
J6_mouse1_blood,mouse1,blood,4
J6_mouse2_blood,mouse2,blood,2
J6_mouse2_fat,mouse2,fat,2
J7_Mix_random_R1,invitro,mix,6
J7_Mix_random_R2,invitro,mix,4
J7_mouse1_fat,mouse1,fat,4
J7_mouse1_heart,mouse1,heart,4
J7_mouse2_heart,mouse2,heart,8
J8_Lung_R2,mouse1,lung,4
J8_Mix_random_R1,invitro,mix,3
J8_Mix_random_R2,invitro,mix,10
J8_mouse1_fat,mouse1,fat,6
J8_mouse2_fat,mouse2,fat,5
J9_Lung_R2,mouse1,lung,5
J9_Mix_random_R2,invitro,mix,4
J9_mouse1_fat,mouse1,fat,7
J9_mouse1_heart,mouse1,heart,2
J9_mouse2_blood,mouse2,blood,1
J9_mouse2_fat,mouse2,fat,4
J9_mouse2_heart,mouse2,heart,7
K10_Lung_R2,mouse1,lung,4
K10_Mix_random_R2,invitro,mix,6
K10_mouse1_blood,mouse1,blood,6
K10_mouse1_fat,mouse1,fat,8
K10_mouse1_heart,mouse1,heart,2
K10_mouse2_blood,mouse2,blood,2
K10_mouse2_fat,mouse2,fat,5
K11_Mix_random_R2,invitro,mix,9
K11_mouse1_fat,mouse1,fat,7
K11_mouse1_heart,mouse1,heart,5
K11_mouse2_heart,mouse2,heart,2
K12_Lung_R2,mouse1,lung,4
K12_Mix_random_R1,invitro,mix,3
K12_Mix_random_R2,invitro,mix,7
K12_mouse1_blood,mouse1,blood,8
K13_Lung_R2,mouse1,lung,1
K13_Mix_random_R1,invitro,mix,5
K13_Mix_random_R2,invitro,mix,6
K13_mouse1_blood,mouse1,blood,8
K13_mouse1_fat,mouse1,fat,11
K13_mouse1_heart,mouse1,heart,8
K13_mouse2_heart,mouse2,heart,2
K14_Lung_R2,mouse1,lung,4
K14_Mix_random_R2,invitro,mix,3
K14_mouse1_blood,mouse1,blood,3
K14_mouse1_fat,mouse1,fat,3
K14_mouse1_heart,mouse1,heart,1
K16_Mix_random_R2,invitro,mix,3
K16_mouse1_fat,mouse1,fat,1
K16_mouse2_heart,mouse2,heart,1
K17_Lung_R2,mouse1,lung,3
K17_Mix_random_R1,invitro,mix,5
K17_Mix_random_R2,invitro,mix,6
K17_mouse1_blood,mouse1,blood,8
K17_mouse1_fat,mouse1,fat,1
K17_mouse2_fat,mouse2,fat,5
K17_mouse2_heart,mouse2,heart,7
K18_Lung_R2,mouse1,lung,4
K18_Mix_random_R2,invitro,mix,2
K18_mouse2_fat,mouse2,fat,2
K19_Lung_R2,mouse1,lung,3
K19_Mix_random_R1,invitro,mix,5
K19_mouse2_heart,mouse2,heart,3
K1_Lung_R2,mouse1,lung,4
K1_Mix_random_R1,invitro,mix,2
K1_Mix_random_R2,invitro,mix,8
K1_mouse1_blood,mouse1,blood,4
K1_mouse1_fat,mouse1,fat,3
K1_mouse2_heart,mouse2,heart,2
K20_Lung_R2,mouse1,lung,3
K20_Mix_random_R1,invitro,mix,5
K20_mouse2_fat,mouse2,fat,4
K21_Lung_R2,mouse1,lung,5
K21_Mix_random_R1,invitro,mix,8
K21_Mix_random_R2,invitro,mix,5
K21_mouse1_fat,mouse1,fat,4
K21_mouse2_blood,mouse2,blood,10
K21_mouse2_heart,mouse2,heart,4
K22_Mix_random_R1,invitro,mix,6
K22_Mix_random_R2,invitro,mix,5
K22_mouse2_heart,mouse2,heart,4
K23_Lung_R2,mouse1,lung,5
K23_Mix_random_R1,invitro,mix,5
K23_mouse1_blood,mouse1,blood,2
K23_mouse1_heart,mouse1,heart,3
K23_mouse2_blood,mouse2,blood,2
K23_mouse2_fat,mouse2,fat,6
K24_Lung_R2,mouse1,lung,2
K24_Mix_random_R1,invitro,mix,3
K24_mouse1_fat,mouse1,fat,8
K24_mouse1_heart,mouse1,heart,2
K24_mouse2_blood,mouse2,blood,3
K2_Lung_R2,mouse1,lung,3
K2_mouse1_blood,mouse1,blood,6
K2_mouse2_heart,mouse2,heart,5
K3_Lung_R2,mouse1,lung,6
K3_Mix_random_R2,invitro,mix,3
K3_mouse1_blood,mouse1,blood,4
K3_mouse2_heart,mouse2,heart,5
K4_Lung_R2,mouse1,lung,4
K4_Mix_random_R2,invitro,mix,4
K5_Lung_R2,mouse1,lung,2
K5_Mix_random_R2,invitro,mix,4
K5_mouse1_heart,mouse1,heart,2
K5_mouse2_heart,mouse2,heart,4
K6_Lung_R2,mouse1,lung,2
K6_Mix_random_R1,invitro,mix,3
K6_Mix_random_R2,invitro,mix,2
K6_mouse1_blood,mouse1,blood,4
K6_mouse1_fat,mouse1,fat,5
K6_mouse1_heart,mouse1,heart,3
K7_Lung_R2,mouse1,lung,3
K7_Mix_random_R2,invitro,mix,10
K7_mouse1_blood,mouse1,blood,5
K7_mouse1_fat,mouse1,fat,14
K7_mouse1_heart,mouse1,heart,4
K7_mouse2_fat,mouse2,fat,6
K8_Lung_R2,mouse1,lung,4
K8_Mix_random_R2,invitro,mix,7
K8_mouse1_blood,mouse1,blood,5
K8_mouse1_fat,mouse1,fat,9
K8_mouse1_heart,mouse1,heart,6
K8_mouse2_fat,mouse2,fat,2
K9_Lung_R2,mouse1,lung,3
K9_Mix_random_R2,invitro,mix,6
K9_mouse1_fat,mouse1,fat,6
K9_mouse1_heart,mouse1,heart,5
K9_mouse2_blood,mouse2,blood,3
L10_Mix_random_R2,invitro,mix,2
L10_mouse1_blood,mouse1,blood,5
L10_mouse1_fat,mouse1,fat,11
L11_Lung_R2,mouse1,lung,4
L11_Mix_random_R2,invitro,mix,6
L11_mouse1_blood,mouse1,blood,2
L11_mouse1_fat,mouse1,fat,7
L11_mouse1_heart,mouse1,heart,5
L11_mouse2_heart,mouse2,heart,3
L12_Lung_R2,mouse1,lung,2
L12_Mix_random_R1,invitro,mix,2
L12_Mix_random_R2,invitro,mix,6
L12_mouse1_blood,mouse1,blood,2
L13_Lung_R2,mouse1,lung,2
L13_Mix_random_R1,invitro,mix,7
L13_mouse1_blood,mouse1,blood,8
L13_mouse1_fat,mouse1,fat,5
L13_mouse1_heart,mouse1,heart,5
L14_Mix_random_R1,invitro,mix,3
L14_Mix_random_R2,invitro,mix,5
L14_mouse1_blood,mouse1,blood,4
L14_mouse1_fat,mouse1,fat,4
L14_mouse1_heart,mouse1,heart,1
L15_Mix_random_R1,invitro,mix,2
L15_Mix_random_R2,invitro,mix,5
L15_mouse1_blood,mouse1,blood,2
L15_mouse1_fat,mouse1,fat,5
L15_mouse1_heart,mouse1,heart,4
L15_mouse2_heart,mouse2,heart,3
L16_Mix_random_R1,invitro,mix,2
L16_mouse1_blood,mouse1,blood,3
L16_mouse1_fat,mouse1,fat,2
L16_mouse2_blood,mouse2,blood,1
L17_Lung_R2,mouse1,lung,2
L17_Mix_random_R2,invitro,mix,5
L17_mouse1_blood,mouse1,blood,4
L17_mouse2_fat,mouse2,fat,6
L18_mouse1_blood,mouse1,blood,2
L18_mouse2_fat,mouse2,fat,6
L19_Mix_random_R1,invitro,mix,8
L19_mouse1_fat,mouse1,fat,4
L20_Lung_R2,mouse1,lung,2
L20_mouse1_blood,mouse1,blood,2
L20_mouse1_fat,mouse1,fat,3
L20_mouse2_fat,mouse2,fat,8
L21_Lung_R2,mouse1,lung,3
L21_Mix_random_R1,invitro,mix,8
L21_Mix_random_R2,invitro,mix,3
L21_mouse2_blood,mouse2,blood,4
L22_Mix_random_R1,invitro,mix,7
L22_Mix_random_R2,invitro,mix,6
L22_mouse1_blood,mouse1,blood,2
L22_mouse1_fat,mouse1,fat,3
L22_mouse2_blood,mouse2,blood,5
L23_Mix_random_R1,invitro,mix,3
L23_mouse1_blood,mouse1,blood,1
L23_mouse1_fat,mouse1,fat,2
L24_mouse1_fat,mouse1,fat,2
L24_mouse2_blood,mouse2,blood,2
L2_Lung_R2,mouse1,lung,3
L2_Mix_random_R2,invitro,mix,6
L2_mouse1_blood,mouse1,blood,5
L2_mouse1_fat,mouse1,fat,4
L2_mouse2_heart,mouse2,heart,2
L3_Lung_R2,mouse1,lung,3
L3_Mix_random_R2,invitro,mix,9
L3_mouse1_blood,mouse1,blood,6
L3_mouse2_heart,mouse2,heart,5
L4_Mix_random_R2,invitro,mix,5
L4_mouse1_blood,mouse1,blood,4
L5_Lung_R2,mouse1,lung,4
L5_Mix_random_R2,invitro,mix,3
L5_mouse1_blood,mouse1,blood,10
L5_mouse2_blood,mouse2,blood,2
L6_Mix_random_R2,invitro,mix,7
L6_mouse1_blood,mouse1,blood,3
L6_mouse1_fat,mouse1,fat,6
L6_mouse1_heart,mouse1,heart,10
L7_Lung_R2,mouse1,lung,5
L7_Mix_random_R2,invitro,mix,6
L7_mouse1_blood,mouse1,blood,9
L7_mouse1_fat,mouse1,fat,9
L7_mouse1_heart,mouse1,heart,6
L7_mouse2_blood,mouse2,blood,3
L7_mouse2_fat,mouse2,fat,4
L8_Lung_R2,mouse1,lung,6
L8_Mix_random_R2,invitro,mix,7
L8_mouse1_fat,mouse1,fat,9
L8_mouse1_heart,mouse1,heart,5
L8_mouse2_fat,mouse2,fat,1
L9_Lung_R2,mouse1,lung,3
L9_Mix_random_R2,invitro,mix,3
L9_mouse1_blood,mouse1,blood,8
L9_mouse1_fat,mouse1,fat,4
L9_mouse1_heart,mouse1,heart,11
L9_mouse2_blood,mouse2,blood,2
L9_mouse2_fat,mouse2,fat,6
L9_mouse2_heart,mouse2,heart,4
M10_Lung_R2,mouse1,lung,2
M10_Mix_random_R2,invitro,mix,8
M10_mouse1_fat,mouse1,fat,7
M10_mouse1_heart,mouse1,heart,2
M10_mouse2_fat,mouse2,fat,1
M10_mouse2_heart,mouse2,heart,2
M11_Mix_random_R2,invitro,mix,11
M11_mouse2_fat,mouse2,fat,2
M11_mouse2_heart,mouse2,heart,4
M12_Mix_random_R1,invitro,mix,3
M12_Mix_random_R2,invitro,mix,4
M12_mouse1_blood,mouse1,blood,3
M12_mouse2_fat,mouse2,fat,4
M13_Mix_random_R1,invitro,mix,3
M13_Mix_random_R2,invitro,mix,4
M13_mouse1_blood,mouse1,blood,5
M13_mouse1_fat,mouse1,fat,2
M13_mouse1_heart,mouse1,heart,2
M13_mouse2_lung,mouse2,lung,2
M14_Mix_random_R1,invitro,mix,3
M14_Mix_random_R2,invitro,mix,4
M14_mouse1_blood,mouse1,blood,2
M14_mouse1_fat,mouse1,fat,4
M15_Lung_R2,mouse1,lung,2
M15_Mix_random_R1,invitro,mix,1
M15_Mix_random_R2,invitro,mix,3
M15_mouse1_blood,mouse1,blood,7
M15_mouse1_fat,mouse1,fat,6
M15_mouse2_blood,mouse2,blood,1
M15_mouse2_fat,mouse2,fat,5
M16_Mix_random_R1,invitro,mix,1
M16_mouse1_fat,mouse1,fat,6
M16_mouse2_fat,mouse2,fat,3
M17_Mix_random_R1,invitro,mix,4
M17_Mix_random_R2,invitro,mix,4
M17_mouse1_fat,mouse1,fat,5
M17_mouse2_blood,mouse2,blood,1
M17_mouse2_fat,mouse2,fat,6
M17_mouse2_lung,mouse2,lung,7
M18_Mix_random_R1,invitro,mix,4
M18_Mix_random_R2,invitro,mix,3
M18_mouse1_fat,mouse1,fat,3
M18_mouse2_blood,mouse2,blood,1
M18_mouse2_fat,mouse2,fat,3
M18_mouse2_lung,mouse2,lung,6
M19_Mix_random_R1,invitro,mix,4
M19_Mix_random_R2,invitro,mix,6
M19_mouse1_fat,mouse1,fat,3
M19_mouse2_blood,mouse2,blood,1
M19_mouse2_lung,mouse2,lung,2
M1_Mix_random_R1,invitro,mix,2
M1_mouse1_blood,mouse1,blood,8
M1_mouse1_fat,mouse1,fat,5
M20_Mix_random_R1,invitro,mix,5
M20_Mix_random_R2,invitro,mix,4
M20_mouse1_blood,mouse1,blood,3
M20_mouse1_fat,mouse1,fat,5
M20_mouse2_fat,mouse2,fat,7
M21_Mix_random_R1,invitro,mix,4
M21_Mix_random_R2,invitro,mix,2
M21_mouse1_blood,mouse1,blood,9
M21_mouse1_fat,mouse1,fat,3
M21_mouse2_fat,mouse2,fat,4
M22_Mix_random_R1,invitro,mix,2
M22_Mix_random_R2,invitro,mix,1
M22_mouse1_blood,mouse1,blood,5
M22_mouse1_fat,mouse1,fat,7
M22_mouse2_fat,mouse2,fat,3
M23_Mix_random_R1,invitro,mix,4
M23_mouse1_blood,mouse1,blood,5
M23_mouse1_fat,mouse1,fat,6
M23_mouse2_blood,mouse2,blood,2
M23_mouse2_fat,mouse2,fat,7
M23_mouse2_lung,mouse2,lung,2
M24_mouse1_blood,mouse1,blood,4
M24_mouse1_fat,mouse1,fat,7
M24_mouse2_fat,mouse2,fat,4
M24_mouse2_lung,mouse2,lung,2
M2_Mix_random_R2,invitro,mix,4
M2_mouse1_blood,mouse1,blood,5
M2_mouse2_heart,mouse2,heart,3
M3_mouse1_blood,mouse1,blood,5
M3_mouse1_fat,mouse1,fat,4
M3_mouse1_heart,mouse1,heart,4
M3_mouse2_heart,mouse2,heart,6
M4_mouse1_blood,mouse1,blood,6
M4_mouse1_fat,mouse1,fat,10
M4_mouse2_blood,mouse2,blood,4
M5_Lung_R2,mouse1,lung,4
M5_mouse1_blood,mouse1,blood,1
M5_mouse1_fat,mouse1,fat,4
M6_Lung_R2,mouse1,lung,5
M6_mouse1_fat,mouse1,fat,10
M6_mouse1_heart,mouse1,heart,3
M6_mouse2_heart,mouse2,heart,5
M7_Lung_R2,mouse1,lung,2
M7_Mix_random_R1,invitro,mix,5
M7_mouse1_blood,mouse1,blood,2
M7_mouse1_fat,mouse1,fat,3
M7_mouse1_heart,mouse1,heart,2
M7_mouse2_fat,mouse2,fat,5
M9_Lung_R2,mouse1,lung,4
M9_Mix_random_R1,invitro,mix,3
M9_Mix_random_R2,invitro,mix,5
M9_mouse1_blood,mouse1,blood,4
M9_mouse1_fat,mouse1,fat,17
M9_mouse1_heart,mouse1,heart,4
N10_Mix_random_R1,invitro,mix,3
N10_Mix_random_R2,invitro,mix,4
N10_mouse1_fat,mouse1,fat,7
N10_mouse2_fat,mouse2,fat,7
N11_Mix_random_R1,invitro,mix,2
N11_Mix_random_R2,invitro,mix,11
N11_mouse1_blood,mouse1,blood,5
N11_mouse1_fat,mouse1,fat,2
N11_mouse2_blood,mouse2,blood,1
N11_mouse2_fat,mouse2,fat,5
N12_mouse1_blood,mouse1,blood,5
N12_mouse2_blood,mouse2,blood,3
N12_mouse2_fat,mouse2,fat,4
N12_mouse2_heart,mouse2,heart,4
N12_mouse2_lung,mouse2,lung,1
N13_Mix_random_R1,invitro,mix,2
N13_Mix_random_R2,invitro,mix,3
N13_mouse1_fat,mouse1,fat,7
N13_mouse1_heart,mouse1,heart,1
N13_mouse2_heart,mouse2,heart,3
N13_mouse2_lung,mouse2,lung,3
N14_Lung_R2,mouse1,lung,2
N14_Mix_random_R1,invitro,mix,2
N14_Mix_random_R2,invitro,mix,6
N14_mouse1_blood,mouse1,blood,4
N14_mouse1_fat,mouse1,fat,4
N14_mouse2_fat,mouse2,fat,3
N15_Mix_random_R2,invitro,mix,7
N15_mouse1_fat,mouse1,fat,2
N15_mouse2_fat,mouse2,fat,2
N16_Mix_random_R1,invitro,mix,2
N16_Mix_random_R2,invitro,mix,3
N16_mouse1_blood,mouse1,blood,5
N16_mouse1_fat,mouse1,fat,5
N16_mouse2_fat,mouse2,fat,2
N16_mouse2_heart,mouse2,heart,5
N17_Lung_R2,mouse1,lung,5
N17_Mix_random_R1,invitro,mix,1
N17_mouse1_blood,mouse1,blood,1
N17_mouse1_fat,mouse1,fat,8
N17_mouse2_fat,mouse2,fat,6
N17_mouse2_lung,mouse2,lung,3
N18_Mix_random_R1,invitro,mix,4
N18_Mix_random_R2,invitro,mix,8
N18_mouse1_fat,mouse1,fat,5
N18_mouse2_blood,mouse2,blood,2
N18_mouse2_fat,mouse2,fat,4
N19_Mix_random_R1,invitro,mix,3
N19_Mix_random_R2,invitro,mix,6
N19_mouse1_blood,mouse1,blood,2
N19_mouse1_fat,mouse1,fat,7
N19_mouse2_blood,mouse2,blood,1
N19_mouse2_fat,mouse2,fat,4
N19_mouse2_lung,mouse2,lung,2
N1_mouse1_blood,mouse1,blood,2
N1_mouse1_fat,mouse1,fat,5
N1_mouse2_heart,mouse2,heart,2
N20_Mix_random_R1,invitro,mix,6
N20_Mix_random_R2,invitro,mix,7
N20_mouse1_fat,mouse1,fat,6
N20_mouse2_lung,mouse2,lung,2
N21_Mix_random_R1,invitro,mix,3
N21_Mix_random_R2,invitro,mix,4
N21_mouse1_fat,mouse1,fat,3
N21_mouse2_fat,mouse2,fat,7
N21_mouse2_lung,mouse2,lung,5
N22_Mix_random_R1,invitro,mix,3
N22_Mix_random_R2,invitro,mix,3
N22_mouse1_blood,mouse1,blood,5
N22_mouse1_fat,mouse1,fat,2
N22_mouse2_fat,mouse2,fat,2
N22_mouse2_lung,mouse2,lung,6
N23_mouse1_blood,mouse1,blood,5
N23_mouse1_fat,mouse1,fat,6
N23_mouse2_fat,mouse2,fat,3
N23_mouse2_lung,mouse2,lung,7
N24_mouse1_blood,mouse1,blood,5
N24_mouse1_fat,mouse1,fat,3
N24_mouse2_blood,mouse2,blood,2
N24_mouse2_fat,mouse2,fat,2
N2_mouse1_blood,mouse1,blood,6
N2_mouse1_fat,mouse1,fat,5
N2_mouse2_heart,mouse2,heart,4
N3_Lung_R2,mouse1,lung,3
N3_mouse1_blood,mouse1,blood,6
N3_mouse1_fat,mouse1,fat,8
N3_mouse1_heart,mouse1,heart,1
N3_mouse2_heart,mouse2,heart,1
N5_Lung_R2,mouse1,lung,6
N5_mouse1_blood,mouse1,blood,5
N5_mouse1_fat,mouse1,fat,4
N5_mouse2_blood,mouse2,blood,4
N6_Lung_R2,mouse1,lung,6
N6_mouse1_fat,mouse1,fat,8
N6_mouse1_heart,mouse1,heart,2
N6_mouse2_blood,mouse2,blood,3
N7_Lung_R2,mouse1,lung,8
N7_Mix_random_R1,invitro,mix,5
N7_mouse1_blood,mouse1,blood,4
N7_mouse1_fat,mouse1,fat,4
N7_mouse1_heart,mouse1,heart,1
N7_mouse2_blood,mouse2,blood,1
N7_mouse2_fat,mouse2,fat,6
N7_mouse2_heart,mouse2,heart,2
N8_Lung_R2,mouse1,lung,2
N8_Mix_random_R1,invitro,mix,3
N8_Mix_random_R2,invitro,mix,6
N8_mouse1_blood,mouse1,blood,2
N8_mouse1_fat,mouse1,fat,4
N8_mouse2_fat,mouse2,fat,2
N9_Mix_random_R1,invitro,mix,3
N9_Mix_random_R2,invitro,mix,5
N9_mouse1_fat,mouse1,fat,7
N9_mouse2_fat,mouse2,fat,4
O10_Mix_random_R1,invitro,mix,6
O10_Mix_random_R2,invitro,mix,2
O10_mouse1_blood,mouse1,blood,5
O10_mouse1_fat,mouse1,fat,3
O10_mouse2_blood,mouse2,blood,1
O10_mouse2_fat,mouse2,fat,5
O11_Mix_random_R1,invitro,mix,2
O11_mouse1_heart,mouse1,heart,2
O11_mouse2_fat,mouse2,fat,4
O13_Mix_random_R1,invitro,mix,3
O13_Mix_random_R2,invitro,mix,5
O13_mouse1_fat,mouse1,fat,4
O13_mouse1_heart,mouse1,heart,5
O13_mouse2_lung,mouse2,lung,3
O14_Lung_R2,mouse1,lung,2
O14_Mix_random_R1,invitro,mix,5
O14_Mix_random_R2,invitro,mix,2
O14_mouse1_blood,mouse1,blood,2
O14_mouse1_fat,mouse1,fat,1
O14_mouse1_heart,mouse1,heart,2
O14_mouse2_heart,mouse2,heart,5
O15_Lung_R2,mouse1,lung,1
O15_Mix_random_R2,invitro,mix,5
O15_mouse1_fat,mouse1,fat,7
O15_mouse2_blood,mouse2,blood,4
O15_mouse2_heart,mouse2,heart,4
O15_mouse2_lung,mouse2,lung,6
O16_Mix_random_R1,invitro,mix,7
O16_Mix_random_R2,invitro,mix,2
O16_mouse1_blood,mouse1,blood,2
O16_mouse1_fat,mouse1,fat,7
O16_mouse1_heart,mouse1,heart,3
O17_Mix_random_R1,invitro,mix,5
O17_Mix_random_R2,invitro,mix,1
O17_mouse1_blood,mouse1,blood,2
O17_mouse1_fat,mouse1,fat,5
O17_mouse1_heart,mouse1,heart,3
O17_mouse2_fat,mouse2,fat,6
O18_Mix_random_R1,invitro,mix,8
O18_mouse1_fat,mouse1,fat,6
O18_mouse1_heart,mouse1,heart,4
O18_mouse2_fat,mouse2,fat,2
O18_mouse2_lung,mouse2,lung,2
O1_Mix_random_R1,invitro,mix,6
O1_Mix_random_R2,invitro,mix,4
O1_mouse1_fat,mouse1,fat,2
O1_mouse2_heart,mouse2,heart,3
O20_mouse1_blood,mouse1,blood,1
O20_mouse1_fat,mouse1,fat,7
O20_mouse2_lung,mouse2,lung,14
O21_Mix_random_R1,invitro,mix,6
O21_Mix_random_R2,invitro,mix,3
O21_mouse1_blood,mouse1,blood,5
O21_mouse1_fat,mouse1,fat,2
O21_mouse2_fat,mouse2,fat,6
O21_mouse2_heart,mouse2,heart,5
O21_mouse2_lung,mouse2,lung,5
O22_mouse1_blood,mouse1,blood,4
O22_mouse2_fat,mouse2,fat,2
O22_mouse2_lung,mouse2,lung,7
O23_mouse1_blood,mouse1,blood,9
O23_mouse2_blood,mouse2,blood,1
O23_mouse2_fat,mouse2,fat,5
O23_mouse2_heart,mouse2,heart,7
O23_mouse2_lung,mouse2,lung,7
O24_mouse1_blood,mouse1,blood,2
O24_mouse1_fat,mouse1,fat,1
O24_mouse2_blood,mouse2,blood,2
O24_mouse2_fat,mouse2,fat,7
O24_mouse2_lung,mouse2,lung,6
O2_Mix_random_R1,invitro,mix,6
O2_Mix_random_R2,invitro,mix,6
O2_mouse1_blood,mouse1,blood,2
O2_mouse1_fat,mouse1,fat,2
O2_mouse1_heart,mouse1,heart,10
O2_mouse2_heart,mouse2,heart,5
O3_Mix_random_R1,invitro,mix,6
O3_Mix_random_R2,invitro,mix,5
O3_mouse1_blood,mouse1,blood,3
O3_mouse1_fat,mouse1,fat,5
O3_mouse1_heart,mouse1,heart,6
O3_mouse2_heart,mouse2,heart,8
O4_Mix_random_R2,invitro,mix,4
O4_mouse1_heart,mouse1,heart,6
O4_mouse2_fat,mouse2,fat,4
O5_Mix_random_R2,invitro,mix,3
O5_mouse1_heart,mouse1,heart,2
O5_mouse2_blood,mouse2,blood,4
O5_mouse2_fat,mouse2,fat,4
O6_Mix_random_R1,invitro,mix,2
O6_Mix_random_R2,invitro,mix,4
O6_mouse1_heart,mouse1,heart,2
O6_mouse2_fat,mouse2,fat,3
O7_Mix_random_R1,invitro,mix,4
O7_Mix_random_R2,invitro,mix,6
O7_mouse1_blood,mouse1,blood,6
O7_mouse1_fat,mouse1,fat,5
O7_mouse1_heart,mouse1,heart,11
O7_mouse2_fat,mouse2,fat,9
O7_mouse2_heart,mouse2,heart,5
O8_Mix_random_R1,invitro,mix,6
O8_Mix_random_R2,invitro,mix,4
O8_mouse1_blood,mouse1,blood,11
O8_mouse1_fat,mouse1,fat,2
O8_mouse1_heart,mouse1,heart,3
O8_mouse2_blood,mouse2,blood,1
O8_mouse2_fat,mouse2,fat,3
O9_Mix_random_R2,invitro,mix,4
O9_mouse1_blood,mouse1,blood,4
O9_mouse1_fat,mouse1,fat,3
O9_mouse1_heart,mouse1,heart,8
O9_mouse2_fat,mouse2,fat,2
P10_Mix_random_R1,invitro,mix,3
P10_mouse1_heart,mouse1,heart,5
P11_mouse1_heart,mouse1,heart,2
P12_Mix_random_R1,invitro,mix,8
P12_mouse1_blood,mouse1,blood,4
P12_mouse1_heart,mouse1,heart,1
P12_mouse2_blood,mouse2,blood,3
P13_Mix_random_R1,invitro,mix,3
P13_mouse1_heart,mouse1,heart,4
P14_Mix_random_R1,invitro,mix,4
P14_mouse1_heart,mouse1,heart,3
P15_Mix_random_R1,invitro,mix,7
P15_mouse2_blood,mouse2,blood,3
P16_Mix_random_R1,invitro,mix,3
P16_mouse1_heart,mouse1,heart,2
P17_Mix_random_R1,invitro,mix,7
P17_mouse1_heart,mouse1,heart,3
P17_mouse2_blood,mouse2,blood,1
P18_Mix_random_R1,invitro,mix,5
P18_mouse1_heart,mouse1,heart,4
P18_mouse2_blood,mouse2,blood,4
P19_Mix_random_R1,invitro,mix,6
P19_mouse1_fat,mouse1,fat,4
P19_mouse1_heart,mouse1,heart,3
P20_Mix_random_R1,invitro,mix,2
P20_mouse2_blood,mouse2,blood,4
P21_mouse1_fat,mouse1,fat,5
P21_mouse2_fat,mouse2,fat,3
P21_mouse2_heart,mouse2,heart,5
P21_mouse2_lung,mouse2,lung,1
P22_mouse2_heart,mouse2,heart,2
P23_Mix_random_R1,invitro,mix,5
P23_mouse1_blood,mouse1,blood,2
P23_mouse1_fat,mouse1,fat,4
P23_mouse2_blood,mouse2,blood,1
P23_mouse2_fat,mouse2,fat,3
P23_mouse2_lung,mouse2,lung,2
P24_mouse2_blood,mouse2,blood,2
P24_mouse2_heart,mouse2,heart,3
P2_Mix_random_R1,invitro,mix,2
P2_mouse1_blood,mouse1,blood,7
P2_mouse2_blood,mouse2,blood,3
P2_mouse2_heart,mouse2,heart,9
P3_Mix_random_R1,invitro,mix,3
P3_Mix_random_R2,invitro,mix,3
P3_mouse1_blood,mouse1,blood,4
P3_mouse1_heart,mouse1,heart,7
P3_mouse2_fat,mouse2,fat,4
P3_mouse2_heart,mouse2,heart,1
P4_Mix_random_R1,invitro,mix,5
P4_Mix_random_R2,invitro,mix,2
P4_mouse1_heart,mouse1,heart,5
P4_mouse2_fat,mouse2,fat,6
P5_Mix_random_R1,invitro,mix,7
P5_mouse1_heart,mouse1,heart,8
P5_mouse2_blood,mouse2,blood,4
P5_mouse2_fat,mouse2,fat,10
P6_Lung_R2,mouse1,lung,3
P6_Mix_random_R1,invitro,mix,5
P6_mouse1_blood,mouse1,blood,1
P6_mouse2_fat,mouse2,fat,2
P6_mouse2_heart,mouse2,heart,5
P7_Mix_random_R1,invitro,mix,7
P8_Mix_random_R1,invitro,mix,2
P8_mouse1_heart,mouse1,heart,7
P8_mouse2_blood,mouse2,blood,1
P9_Mix_random_R1,invitro,mix,7
P9_mouse1_blood,mouse1,blood,3
P9_mouse1_heart,mouse1,heart,3
P9_mouse2_blood,mouse2,blood,1
